{"mean": 0.12887550484931445, "std": 1.7333609210915268, "min_val": 0.0, "max_val": 68.03515625}