{"mean": 6.2821126593984635, "std": 8.566442100143757, "min_val": 0.0, "max_val": 67.65049743652344}