{"background": 0.010782808120730937, "person": 0.989217191879269}