{"mean": 0.12319049386167785, "std": 1.68745981600023, "min_val": 0.0, "max_val": 68.15234375}