{"mean": 0.9491580945552966, "std": 3.704396320383933, "min_val": 0.0, "max_val": 68.15234375}