{"mean": 1.3076458396983488, "std": 4.089036615596239, "min_val": 0.0, "max_val": 68.03515625}