{"mean": 0.04405998288323897, "std": 0.9031291750532423, "min_val": 0.0, "max_val": 68.5625}